Field,Value
ID,"cd5425d1-6d3f-45b7-b596-3b2931bf079e"
Title,"Efficient Model for IoT"
Venue,"NeurIPS"
Year,2024
Citations,186
Type,"OTHER"
Status,"PUBLISHED"
Abstract,"This paper proposes a efficient model for iot. We demonstrate its effectiveness through extensive experiments. The results show significant improvements over state-of-the-art methods."
Authors,"Sarah Martinez; Bo Tan; Hans Mueller"
References,"Secure Methodology for Blockchain; Scalable Mechanism for Artificial Intelligence; Dynamic Methodology for Computer Vision"
